,Unnamed: 0,WP,CARVALHO,CHAMPION,HENNING,McAULIFFE,ROLLINS,OTHERS,VOTES_CAST,BLANKS,BALLOTS_CAST,TOTAL,Ward,Registered Voters,Unnamed: 0.1,Precinct,Total,White,Black or African American,American Indian and Alaska Native,Asian,Native Hawaiian and Other Pacific Islander,Some Other Race,Two or More Races,Total.1,White (alone),Black or African American (alone),Hispanic or Latino (alone),American Indian and Alaska Native (alone),Asian (alone),Native Hawaiian and Other Pacific Islander (alone),Some Other Race/Ethnicity (alone),Two or More Races/Ethnicities (alone),Black Percentage,Native American Percentage,Asian Percentage,Native Hawaiian/Pacific Islander Percentage,Other Race Percentage,Two or more races Percentage,Hispanic Percentage,White Percentage,White plurality (Y/N),Black plurality (Y/N),Hispanic plurality (Y/N),Asian plurality (Y/N),Turnout,Rollins Percentage
0,0,0101,49,17,68,45,138,1,318,35,353,318,101,1534,1,101,1717,1369,55,7,49,4,173,60,1717,1074,38,503,3,45,0,27,27,3.203261503,0.4076878276,2.853814793,0.2329644729,10.07571345,3.494467094,29.29528247,79.73209086,Y,N,N,N,0.2301173403,39.09348442
1,1,0102,46,12,27,18,66,0,169,25,194,169,102,1120,2,102,2071,1520,61,3,42,0,351,94,2071,828,40,1073,2,42,0,53,33,2.945436987,0.1448575567,2.028005794,0,16.94833414,4.538870111,51.81071946,73.39449541,Y,N,N,N,0.1732142857,34.02061856
2,2,0103,95,53,54,44,174,2,422,70,492,422,103,2617,3,103,3179,1989,278,10,228,0,494,180,3179,1275,212,1314,5,227,0,57,89,8.74488833,0.3145643284,7.172066688,0,15.53947782,5.662157911,41.33375275,62.56684492,Y,N,N,N,0.1880015285,35.36585366
3,3,0104,34,13,21,11,45,2,126,17,143,126,104,1014,4,104,1884,1097,57,12,38,1,555,124,1884,512,43,1203,6,37,0,59,24,3.025477707,0.6369426752,2.016985138,0.05307855626,29.45859873,6.581740977,63.85350318,58.22717622,N,N,Y,N,0.141025641,31.46853147
4,4,0105,40,18,50,23,67,0,198,32,230,198,105,1344,5,105,2888,1659,77,22,76,5,896,153,2888,969,47,1664,1,74,0,93,40,2.666204986,0.7617728532,2.631578947,0.1731301939,31.02493075,5.297783934,57.61772853,57.44459834,N,N,Y,N,0.1711309524,29.13043478
5,5,0106,37,21,29,22,63,0,172,29,201,172,106,1270,6,106,2507,1488,78,16,61,1,749,114,2507,807,59,1479,5,61,0,60,36,3.111288393,0.6382130036,2.433187076,0.03988831272,29.87634623,4.547267651,58.99481452,59.35380933,Y,N,N,N,0.1582677165,31.34328358
6,6,0107,42,20,20,14,64,2,162,25,187,162,107,1319,7,107,2388,1407,108,11,72,0,652,138,2388,709,76,1451,6,72,0,43,31,4.522613065,0.4606365159,3.015075377,0,27.30318258,5.778894472,60.76214405,58.91959799,N,N,Y,N,0.1417740713,34.22459893
7,7,0108,45,30,37,18,94,0,224,45,269,224,108,1866,8,108,2902,1700,119,18,191,0,723,151,2902,912,76,1669,5,188,0,8,44,4.100620262,0.6202618884,6.581667815,0,24.91385252,5.203308063,57.51206065,58.58028946,Y,N,N,N,0.1441586281,34.94423792
8,8,0109,27,28,46,19,61,1,182,25,207,182,109,1165,9,109,2086,1387,63,8,41,0,496,91,2086,734,44,1216,1,38,0,30,23,3.020134228,0.3835091083,1.96548418,0,23.77756472,4.362416107,58.29338447,66.49089166,Y,N,N,N,0.1776824034,29.46859903
9,9,0110,21,14,27,9,32,0,103,21,124,103,110,820,10,110,1862,1176,43,8,64,1,473,97,1862,552,38,1165,0,62,1,38,6,2.309344791,0.4296455424,3.437164339,0.0537056928,25.4027927,5.209452202,62.56713212,63.15789474,Y,N,N,N,0.1512195122,25.80645161
10,10,0111,52,20,121,24,60,1,278,41,319,278,111,1486,11,111,2722,2141,79,13,87,2,337,63,2722,1610,57,923,0,87,1,19,25,2.902277737,0.4775900073,3.19617928,0.07347538575,12.3806025,2.314474651,33.90889052,78.65540044,Y,N,N,N,0.2146702557,18.80877743
11,11,0112,40,22,133,24,55,0,274,37,311,274,112,1417,12,112,1833,1516,33,10,49,0,175,50,1833,1231,26,476,8,49,0,24,19,1.800327332,0.545553737,2.673213312,0,9.547190398,2.727768685,25.96835788,82.70594654,Y,N,N,N,0.2194777699,17.68488746
12,12,0113,47,15,102,55,73,0,292,39,331,292,113,2038,13,113,2624,1792,226,10,99,0,392,105,2624,1192,178,1099,5,95,0,28,27,8.612804878,0.381097561,3.772865854,0,14.93902439,4.00152439,41.88262195,68.29268293,Y,N,N,N,0.1624141315,22.05438066
13,13,0114,33,10,67,22,24,0,156,15,171,156,114,991,14,114,820,717,21,1,37,1,29,14,820,613,16,145,0,36,1,1,8,2.56097561,0.1219512195,4.512195122,0.1219512195,3.536585366,1.707317073,17.68292683,87.43902439,Y,N,N,N,0.1725529768,14.03508772
14,14,0201,58,26,166,85,149,1,485,64,549,485,201,2257,16,201,1690,1606,11,0,51,1,15,6,1690,1586,9,36,0,51,1,1,6,0.650887574,0,3.017751479,0.05917159763,0.8875739645,0.3550295858,2.130177515,95.0295858,Y,N,N,N,0.2432432432,27.14025501
15,15,0202,50,28,154,80,183,0,495,61,556,495,202,3158,17,202,3716,2422,367,11,602,7,220,87,3716,2182,309,540,5,601,7,22,50,9.87621098,0.2960172228,16.20021529,0.1883745963,5.920344456,2.341227126,14.53175457,65.17761033,Y,N,N,N,0.176060798,32.91366906
16,16,0203,31,15,99,61,142,0,348,53,401,348,203,1526,18,203,1652,1594,7,3,24,0,6,18,1652,1576,7,27,3,23,0,1,15,0.4237288136,0.181598063,1.452784504,0,0.3631961259,1.089588378,1.634382567,96.48910412,Y,N,N,N,0.2627785059,35.41147132
17,17,0204,22,15,106,38,111,1,293,21,314,293,204,1594,19,204,1457,1040,132,5,146,0,90,44,1457,966,100,230,0,145,0,3,13,9.059711736,0.3431708991,10.02059025,0,6.177076184,3.019903912,15.78586136,71.37954701,Y,N,N,N,0.1969887077,35.35031847
18,18,0205,37,13,124,45,131,0,350,38,388,350,205,1653,20,205,1602,1561,6,0,22,1,3,9,1602,1548,6,18,0,21,0,1,8,0.3745318352,0,1.373283396,0.06242197253,0.1872659176,0.5617977528,1.123595506,97.44069913,Y,N,N,N,0.2347247429,33.7628866
19,19,0206,52,15,156,81,130,2,436,63,499,436,206,2075,21,206,2278,2014,40,3,161,1,29,30,2278,1968,34,94,2,160,1,1,18,1.755926251,0.1316944688,7.067603161,0.04389815628,1.273046532,1.316944688,4.12642669,88.41088674,Y,N,N,N,0.2404819277,26.05210421
20,20,0207,36,15,155,42,107,1,356,47,403,356,207,1699,22,207,1359,1256,26,0,63,0,5,9,1359,1230,25,28,0,63,0,4,9,1.91317145,0,4.635761589,0,0.3679175865,0.6622516556,2.060338484,92.42089772,Y,N,N,N,0.237198352,26.55086849
21,21,0301,54,21,256,98,115,0,544,46,590,544,301,3178,23,301,3998,3619,129,8,137,0,50,55,3998,3522,125,156,6,136,0,7,46,3.226613307,0.20010005,3.426713357,0,1.250625313,1.375687844,3.901950975,90.52026013,Y,N,N,N,0.1856513531,19.49152542
22,22,0302,18,5,70,45,73,1,212,17,229,212,302,1715,24,302,1866,1771,20,1,44,1,20,9,1866,1719,16,71,1,43,1,6,9,1.071811361,0.05359056806,2.357984995,0.05359056806,1.071811361,0.4823151125,3.804930332,94.90889603,Y,N,N,N,0.1335276968,31.87772926
23,23,0303,30,8,96,40,79,0,253,27,280,253,303,1921,25,303,2362,2234,13,6,68,0,19,22,2362,2177,12,74,5,67,0,6,21,0.550381033,0.2540220152,2.878916173,0,0.8044030483,0.9314140559,3.132938188,94.58086367,Y,N,N,N,0.145757418,28.21428571
24,24,0304,21,18,108,30,82,0,259,28,287,259,304,2085,26,304,1910,1823,14,6,37,2,9,19,1910,1766,14,69,5,37,2,4,13,0.7329842932,0.3141361257,1.937172775,0.1047120419,0.4712041885,0.9947643979,3.612565445,95.44502618,Y,N,N,N,0.1376498801,28.57142857
25,25,0305,82,35,139,74,197,0,527,58,585,527,305,3464,27,305,4660,3353,541,4,640,0,49,73,4660,3006,536,404,4,637,0,9,64,11.60944206,0.08583690987,13.73390558,0,1.051502146,1.566523605,8.669527897,71.9527897,Y,N,N,N,0.1688799076,33.67521368
26,26,0306,60,26,113,183,219,0,601,58,659,601,306,4751,28,306,5373,4484,246,11,455,3,79,95,5373,4291,226,284,10,454,3,18,87,4.578447795,0.2047273404,8.468267262,0.0558347292,1.470314536,1.768099758,5.285687698,83.45430858,Y,N,N,N,0.1387076405,33.23216995
27,27,0307,126,33,129,98,390,1,777,154,931,777,307,4003,29,307,3951,2911,233,10,629,0,96,72,3951,2788,210,262,7,627,0,9,48,5.897241205,0.2531004809,15.92002025,0,2.429764617,1.822323462,6.631232599,73.67754999,Y,N,N,N,0.2325755683,41.89044039
28,28,0308,82,45,217,143,500,3,990,118,1108,990,308,6529,30,308,7821,3585,377,4,3598,4,103,150,7821,3347,351,386,4,3594,3,15,121,4.820355453,0.05114435494,46.00434727,0.05114435494,1.31696714,1.91791331,4.935430252,45.83812812,N,N,N,Y,0.1697043958,45.12635379
29,29,0401,54,42,89,47,197,1,430,88,518,430,401,1881,31,401,2011,1736,70,4,129,0,35,37,2011,1667,64,102,4,129,0,18,27,3.480855296,0.1989060169,6.414719045,0,1.740427648,1.839880656,5.072103431,86.32521134,Y,N,N,N,0.2753854333,38.03088803
30,30,0402,83,49,101,63,264,2,562,97,659,562,402,3151,32,402,3532,2541,390,8,468,0,54,71,3532,2397,375,212,7,466,0,11,64,11.0419026,0.2265005663,13.25028313,0,1.528878822,2.010192525,6.002265006,71.94224236,Y,N,N,N,0.2091399556,40.06069803
31,31,0403,51,25,59,35,139,0,309,47,356,309,403,1303,33,403,1337,985,211,2,81,0,27,31,1337,938,200,93,2,81,0,2,21,15.7816006,0.1495886313,6.058339566,0,2.019446522,2.318623785,6.955871354,73.6724009,Y,N,N,N,0.2732156562,39.04494382
32,32,0404,61,42,47,41,187,0,378,87,465,378,404,1867,34,404,2256,1625,358,5,143,1,54,70,2256,1520,337,199,3,143,1,8,45,15.86879433,0.2216312057,6.338652482,0.04432624113,2.393617021,3.102836879,8.820921986,72.03014184,Y,N,N,N,0.2490626674,40.21505376
33,33,0405,45,28,29,37,161,0,300,54,354,300,405,1554,35,405,2953,2098,294,5,448,1,47,60,2953,1947,282,215,5,445,1,7,51,9.955976973,0.1693193363,15.17101253,0.03386386725,1.591601761,2.031832035,7.28073146,71.0463935,Y,N,N,N,0.2277992278,45.48022599
34,34,0406,33,16,30,14,98,0,191,35,226,191,406,1385,36,406,2498,1639,235,9,437,0,84,94,2498,1494,222,264,8,437,0,14,59,9.407526021,0.3602882306,17.4939952,0,3.362690152,3.763010408,10.56845476,65.61248999,Y,N,N,N,0.1631768953,43.36283186
35,35,0407,36,12,36,22,104,0,210,27,237,210,407,1443,37,407,4109,2808,291,10,745,2,114,139,4109,2631,276,329,6,742,2,12,111,7.082015089,0.2433682161,18.1309321,0.04867364322,2.774397664,3.382818204,8.00681431,68.33779508,Y,N,N,N,0.1642411642,43.88185654
36,36,0408,38,19,22,24,103,0,206,33,239,206,408,1604,38,408,4521,3301,284,8,701,2,111,114,4521,3106,266,331,6,696,1,20,95,6.281796063,0.1769520018,15.50541916,0.04423800044,2.455209025,2.521566025,7.321389073,73.01481973,Y,N,N,N,0.1490024938,43.09623431
37,37,0409,23,9,8,8,34,0,82,15,97,82,409,1137,39,409,4347,3085,411,13,450,3,223,162,4347,2822,368,573,6,447,3,9,119,9.454796411,0.2990568208,10.35196687,0.06901311249,5.129974695,3.726708075,13.18150449,70.96848401,Y,N,N,N,0.08531222515,35.05154639
38,38,0410,19,5,5,2,35,0,66,8,74,66,410,796,40,410,5545,4247,359,6,601,5,155,172,5545,4098,328,350,3,592,4,19,151,6.474301172,0.1082055906,10.83859333,0.09017132552,2.795311091,3.101893598,6.311992786,76.5915239,Y,N,N,N,0.09296482412,47.2972973
39,39,0501,84,60,242,88,455,2,931,120,1051,931,501,4728,41,501,6467,4012,300,8,1921,1,103,122,6467,3858,277,288,7,1920,1,18,98,4.638936137,0.1237049637,29.7046544,0.01546312046,1.592701407,1.886500696,4.453378692,62.03803928,Y,N,N,N,0.2222927242,43.29210276
40,40,0502,52,20,23,31,126,1,253,51,304,253,502,1575,42,502,4207,3131,194,8,606,2,130,136,4207,2904,178,401,5,601,2,11,105,4.611362016,0.1901592584,14.40456382,0.04753981459,3.090087949,3.232707392,9.531732826,74.42357975,Y,N,N,N,0.193015873,41.44736842
41,41,0503,28,13,63,47,137,0,288,36,324,288,503,1757,43,503,1873,1744,20,0,92,0,8,9,1873,1695,17,58,0,92,0,3,8,1.067805659,0,4.911906033,0,0.4271222637,0.4805125467,3.096636412,93.1126535,Y,N,N,N,0.1844052362,42.28395062
42,42,0504,59,26,58,50,148,0,341,36,377,341,504,2335,44,504,2702,2405,70,2,153,1,29,42,2702,2324,68,106,2,152,1,12,37,2.590673575,0.074019245,5.662472243,0.0370096225,1.073279053,1.554404145,3.923019985,89.00814212,Y,N,N,N,0.1614561028,39.25729443
43,43,0505,18,14,44,21,38,1,136,26,162,136,505,694,45,505,677,636,4,1,21,0,1,14,677,624,4,17,1,21,0,1,9,0.5908419498,0.1477104874,3.101920236,0,0.1477104874,2.067946824,2.511078287,93.94387001,Y,N,N,N,0.2334293948,23.45679012
44,44,0506,21,24,64,38,114,0,261,65,326,261,506,1841,46,506,2212,1965,77,3,114,0,21,32,2212,1896,65,104,3,114,0,4,26,3.481012658,0.1356238698,5.153707052,0,0.9493670886,1.446654611,4.701627486,88.83363472,Y,N,N,N,0.1770776752,34.96932515
45,45,0507,33,35,67,43,153,2,333,68,401,333,507,2206,47,507,2626,2323,54,2,175,1,26,45,2626,2231,50,126,2,175,1,3,38,2.056359482,0.0761614623,6.664127951,0.03808073115,0.9900990099,1.713632902,4.798172125,88.46153846,Y,N,N,N,0.1817769719,38.15461347
46,46,0508,46,26,64,51,135,1,323,65,388,323,508,2063,48,508,2585,2200,65,1,214,0,34,71,2585,2108,63,125,1,212,0,15,61,2.51450677,0.03868471954,8.278529981,0,1.315280464,2.746615087,4.835589942,85.10638298,Y,N,N,N,0.188075618,34.79381443
47,47,0509,43,37,58,82,165,0,385,58,443,385,509,2816,49,509,4112,3372,89,3,513,0,53,82,4112,3174,84,262,3,506,0,13,70,2.164396887,0.07295719844,12.47568093,0,1.288910506,1.994163424,6.371595331,82.00389105,Y,N,N,N,0.1573153409,37.24604966
48,48,0510,29,15,29,24,127,3,227,34,261,227,510,2115,50,510,6184,4078,207,15,1529,0,110,245,6184,3749,197,478,12,1517,0,21,210,3.347347995,0.2425614489,24.72509702,0,1.778783959,3.961836999,7.729624838,65.94437257,Y,N,N,N,0.1234042553,48.65900383
49,49,0511,28,16,60,29,96,0,229,43,272,229,511,1192,51,511,1322,1222,11,0,68,0,7,14,1322,1179,11,51,0,67,0,2,12,0.8320726172,0,5.143721634,0,0.5295007564,1.059001513,3.857791225,92.43570348,Y,N,N,N,0.2281879195,35.29411765
50,50,0601,80,50,182,90,288,0,690,63,753,690,601,5937,52,601,4089,3123,260,7,332,2,253,112,4089,2899,190,582,4,330,2,16,66,6.358522866,0.1711910002,8.119344583,0.04891171436,6.187331866,2.739056004,14.23330888,76.37564197,Y,N,N,N,0.1268317332,38.24701195
51,51,0602,26,15,87,20,51,0,199,31,230,199,602,1583,53,602,1387,1089,85,1,102,0,90,20,1387,1055,66,143,1,97,0,11,14,6.128334535,0.07209805335,7.354001442,0,6.488824802,1.441961067,10.31002163,78.5147801,Y,N,N,N,0.1452937461,22.17391304
52,52,0603,24,9,115,30,67,0,245,20,265,245,603,2095,54,603,1848,1711,22,10,78,1,8,18,1848,1686,19,38,7,78,1,3,16,1.19047619,0.5411255411,4.220779221,0.05411255411,0.4329004329,0.974025974,2.056277056,92.58658009,Y,N,N,N,0.1264916468,25.28301887
53,53,0604,38,16,154,30,76,1,315,36,351,315,604,1997,55,604,1801,1666,14,4,77,0,12,28,1801,1646,14,40,2,77,0,2,20,0.7773459189,0.222098834,4.275402554,0,0.6662965019,1.554691838,2.22098834,92.50416435,Y,N,N,N,0.1757636455,21.65242165
54,54,0605,23,9,92,45,86,0,255,55,310,255,605,1879,56,605,1678,1617,8,2,31,1,11,8,1678,1598,7,28,1,31,1,5,7,0.4767580453,0.1191895113,1.847437426,0.05959475566,0.6555423123,0.4767580453,1.668653159,96.3647199,Y,N,N,N,0.1649813731,27.74193548
55,55,0606,29,11,207,56,40,2,345,43,388,345,606,1668,57,606,1503,1459,14,1,13,0,6,10,1503,1453,12,12,1,13,0,4,8,0.9314703925,0.06653359947,0.8649367931,0,0.3992015968,0.6653359947,0.7984031936,97.07252162,Y,N,N,N,0.2326139089,10.30927835
56,56,0607,26,11,152,54,53,4,300,42,342,300,607,1843,58,607,1526,1491,7,1,12,2,3,10,1526,1477,7,20,1,12,1,0,8,0.4587155963,0.06553079948,0.7863695937,0.131061599,0.1965923984,0.6553079948,1.31061599,97.70642202,Y,N,N,N,0.1855670103,15.49707602
57,57,0608,21,9,191,40,55,1,317,49,366,317,608,1655,59,608,1545,1518,3,1,10,0,3,10,1545,1512,3,10,1,9,0,0,10,0.1941747573,0.06472491909,0.6472491909,0,0.1941747573,0.6472491909,0.6472491909,98.25242718,Y,N,N,N,0.2211480363,15.0273224
58,58,0609,11,12,201,28,32,0,284,55,339,284,609,1536,60,609,1572,1543,17,2,1,0,4,5,1572,1530,15,18,2,1,0,1,5,1.081424936,0.1272264631,0.06361323155,0,0.2544529262,0.3180661578,1.145038168,98.15521628,Y,N,N,N,0.220703125,9.439528024
59,59,0701,19,9,230,47,41,2,348,52,400,348,701,1386,61,701,1363,1343,2,0,12,0,3,3,1363,1334,2,12,0,12,0,0,3,0.1467351431,0,0.8804108584,0,0.2201027146,0.2201027146,0.8804108584,98.53264857,Y,N,N,N,0.2886002886,10.25
60,60,0702,22,12,159,49,52,0,294,45,339,294,702,1834,62,702,1769,1733,9,0,16,1,1,9,1769,1719,9,15,0,16,1,0,9,0.5087620124,0,0.9044657999,0.05652911249,0.05652911249,0.5087620124,0.8479366874,97.96495195,Y,N,N,N,0.1848418757,15.33923304
61,61,0703,27,14,209,68,72,5,395,63,458,395,703,2121,63,703,2133,2048,15,2,32,0,18,18,2133,2019,15,48,2,31,0,2,16,0.7032348805,0.09376465073,1.500234412,0,0.8438818565,0.8438818565,2.250351617,96.01500234,Y,N,N,N,0.2159358793,15.72052402
62,62,0704,23,8,106,30,54,1,222,25,247,222,704,1780,64,704,1829,1576,69,2,75,0,64,43,1829,1540,57,115,2,75,0,20,20,3.772553308,0.1093493712,4.100601422,0,3.49917988,2.351011482,6.287588846,86.16730454,Y,N,N,N,0.1387640449,21.86234818
63,63,0705,25,12,94,31,53,1,216,31,247,216,705,1711,65,705,1905,1407,177,5,157,2,107,50,1905,1338,138,229,3,154,2,17,24,9.291338583,0.2624671916,8.241469816,0.1049868766,5.6167979,2.624671916,12.02099738,73.85826772,Y,N,N,N,0.1443600234,21.45748988
64,64,0706,28,22,53,25,78,3,209,39,248,209,706,1512,66,706,1586,1074,160,5,152,1,145,49,1586,992,130,289,1,150,1,6,17,10.08827238,0.315258512,9.583858764,0.0630517024,9.142496847,3.089533417,18.22194199,67.71752837,Y,N,N,N,0.164021164,31.4516129
65,65,0707,35,21,32,20,59,0,167,40,207,167,707,1313,67,707,1496,572,404,14,224,3,200,79,1496,363,312,561,6,224,2,5,23,27.00534759,0.935828877,14.97326203,0.2005347594,13.36898396,5.280748663,37.5,38.23529412,Y,N,N,N,0.157654227,28.50241546
66,66,0708,31,24,67,33,48,1,204,25,229,204,708,1247,68,708,1487,1173,97,3,137,0,59,18,1487,1132,94,99,3,137,0,6,16,6.523201076,0.2017484869,9.213180901,0,3.967720242,1.210490921,6.657700067,78.88365837,Y,N,N,N,0.1836407378,20.96069869
67,67,0709,41,15,64,24,51,1,196,11,207,196,709,1208,69,709,1551,993,159,11,221,1,128,38,1551,937,147,150,7,221,1,60,28,10.25145068,0.7092198582,14.2488717,0.06447453256,8.252740168,2.450032237,9.671179884,64.02321083,Y,N,N,N,0.1713576159,24.63768116
68,68,0801,70,24,31,28,109,1,263,55,318,263,801,1393,71,801,1484,598,376,3,176,4,265,62,1484,436,334,489,3,176,4,13,29,25.33692722,0.2021563342,11.85983827,0.269541779,17.85714286,4.177897574,32.95148248,40.29649596,Y,N,N,N,0.2282842785,34.27672956
69,69,0802,78,24,57,39,251,2,451,60,511,451,802,3055,72,802,4588,2484,1212,19,598,1,189,85,4588,1889,1174,819,14,597,1,33,61,26.41673932,0.4141238012,13.03400174,0.02179598954,4.119442023,1.852659111,17.85091543,54.14123801,Y,N,N,N,0.1672667758,49.11937378
70,70,0901,76,31,41,33,183,3,367,139,506,367,901,1998,78,901,2092,1030,302,11,436,1,248,64,2092,748,247,633,3,435,0,4,22,14.43594646,0.5258126195,20.84130019,0.04780114723,11.85468451,3.059273423,30.2581262,49.23518164,Y,N,N,N,0.2532532533,36.16600791
71,71,0902,75,30,59,55,260,1,480,86,566,480,902,2352,79,902,2267,1548,353,4,209,0,93,60,2267,1426,334,249,2,209,0,4,43,15.57123952,0.1764446405,9.219232466,0,4.102337891,2.646669607,10.98367887,68.28407587,Y,N,N,N,0.2406462585,45.93639576
72,72,0904,88,38,28,28,95,1,278,37,315,278,904,2168,81,904,4580,2516,1102,31,402,0,354,175,4580,2235,981,834,16,401,0,23,90,24.06113537,0.6768558952,8.777292576,0,7.729257642,3.820960699,18.20960699,54.93449782,Y,N,N,N,0.145295203,30.15873016
73,73,1001,61,55,43,14,57,0,230,89,319,230,1001,991,83,1001,888,264,261,11,138,0,172,42,888,159,232,333,9,138,0,0,17,29.39189189,1.238738739,15.54054054,0,19.36936937,4.72972973,37.5,29.72972973,N,N,Y,N,0.3218970737,17.86833856
74,74,1002,34,34,22,11,59,2,162,27,189,162,1002,976,84,1002,2579,1462,331,9,581,1,126,69,2579,1354,290,298,4,581,1,9,42,12.83443195,0.3489724699,22.52811167,0.03877471888,4.885614579,2.675455603,11.55486623,56.68863901,Y,N,N,N,0.193647541,31.21693122
75,75,1003,27,10,41,22,67,0,167,22,189,167,1003,1024,85,1003,2020,1403,193,12,256,3,83,70,2020,1306,166,228,6,256,3,5,50,9.554455446,0.5940594059,12.67326733,0.1485148515,4.108910891,3.465346535,11.28712871,69.45544554,Y,N,N,N,0.1845703125,35.44973545
76,76,1004,69,42,92,20,90,0,313,134,447,313,1004,1878,86,1004,2606,1298,421,19,561,3,209,95,2606,1128,367,477,13,556,3,5,57,16.15502686,0.7290867229,21.52724482,0.1151189563,8.019953952,3.645433615,18.30391404,49.80813507,Y,N,N,N,0.2380191693,20.13422819
77,77,1005,39,21,34,39,125,1,259,28,287,259,1005,1225,87,1005,2078,1539,228,7,135,0,97,72,2078,1448,208,225,3,135,0,8,51,10.97208855,0.3368623677,6.496631376,0,4.667949952,3.464870067,10.82771896,74.06159769,Y,N,N,N,0.2342857143,43.55400697
78,78,1006,59,31,29,23,145,0,287,60,347,287,1006,1392,88,1006,1706,606,564,12,133,0,285,106,1706,386,472,665,1,130,0,6,46,33.05978898,0.7033997655,7.796014068,0,16.70574443,6.213364596,38.98007034,35.52168816,N,N,Y,N,0.2492816092,41.78674352
79,79,1007,82,59,44,27,177,2,391,131,522,391,1007,1948,89,1007,1809,582,580,26,43,0,435,143,1809,234,457,1030,5,42,0,14,27,32.06191266,1.437258154,2.37700387,0,24.04643449,7.904919845,56.93753455,32.17247098,N,N,Y,N,0.2679671458,33.90804598
80,80,1008,90,61,59,50,230,1,491,76,567,491,1008,2027,90,1008,2779,1583,582,4,394,2,122,92,2779,1407,538,385,4,390,1,7,47,20.94278517,0.1439366679,14.17776178,0.07196833393,4.39006837,3.310543361,13.85390428,56.96293631,Y,N,N,N,0.2797237296,40.5643739
81,81,1009,63,37,90,85,380,0,655,51,706,655,1009,2128,91,1009,2265,1646,182,13,145,0,206,73,2265,1417,141,520,1,145,0,11,30,8.035320088,0.5739514349,6.401766004,0,9.094922737,3.222958057,22.9580574,72.67108168,Y,N,N,N,0.3317669173,53.82436261
82,82,1104,112,61,42,51,262,2,530,61,591,530,1104,2169,95,1104,2245,736,813,37,44,0,457,158,2245,406,709,1027,12,41,0,10,40,36.21380846,1.648106904,1.959910913,0,20.35634744,7.037861915,45.74610245,32.78396437,N,N,Y,N,0.2724757953,44.33164129
83,83,1105,78,50,35,20,215,2,400,55,455,400,1105,1643,96,1105,1825,711,596,15,26,0,377,100,1825,440,505,803,7,26,0,11,33,32.65753425,0.8219178082,1.424657534,0,20.65753425,5.479452055,44,38.95890411,N,N,Y,N,0.2769324407,47.25274725
84,84,1106,64,32,27,36,260,1,420,33,453,420,1106,1265,97,1106,1257,777,176,3,62,0,163,76,1257,646,127,399,1,61,0,7,16,14.00159109,0.2386634845,4.932378679,0,12.96738266,6.046141607,31.74224344,61.81384248,Y,N,N,N,0.3581027668,57.39514349
85,85,1107,50,29,33,62,374,0,548,37,585,548,1107,1734,98,1107,1955,1096,464,12,51,0,255,77,1955,938,424,487,3,51,0,10,42,23.73401535,0.6138107417,2.608695652,0,13.04347826,3.938618926,24.91048593,56.06138107,Y,N,N,N,0.3373702422,63.93162393
86,86,1108,78,32,48,52,401,0,611,41,652,611,1108,1961,99,1108,1733,1185,223,10,153,1,106,55,1733,1081,196,253,3,153,1,13,33,12.8678592,0.577034045,8.828620889,0.0577034045,6.116560877,3.173687248,14.59896134,68.37853433,Y,N,N,N,0.3324834268,61.50306748
87,87,1109,48,16,28,43,258,0,393,27,420,393,1109,1037,100,1109,997,844,63,1,41,0,23,25,997,790,48,99,0,40,0,3,17,6.318956871,0.1003009027,4.112337011,0,2.306920762,2.507522568,9.929789368,84.65396189,Y,N,N,N,0.4050144648,61.42857143
88,88,1110,58,20,29,34,337,0,478,20,498,478,1110,1440,101,1110,1462,1096,145,2,69,0,110,40,1462,998,122,238,1,68,0,13,22,9.917920657,0.1367989056,4.719562244,0,7.523939808,2.735978112,16.27906977,74.96580027,Y,N,N,N,0.3458333333,67.67068273
89,89,1303,32,19,22,15,49,1,138,38,176,138,1303,1466,113,1303,3145,1502,573,16,681,5,279,89,3145,1293,515,547,7,681,5,41,56,18.21939587,0.5087440382,21.65341812,0.1589825119,8.871224165,2.829888712,17.3926868,47.75834658,Y,N,N,N,0.1200545703,27.84090909
90,90,1306,103,26,70,22,90,0,311,17,328,311,1306,1443,116,1306,1615,587,458,7,125,3,334,101,1615,517,420,272,4,125,3,196,78,28.35913313,0.4334365325,7.73993808,0.1857585139,20.68111455,6.253869969,16.84210526,36.34674923,Y,N,N,N,0.2273042273,27.43902439
91,91,1307,63,26,81,26,81,0,277,30,307,277,1307,1566,117,1307,1775,1010,199,1,431,0,79,55,1775,956,189,131,1,431,0,19,48,11.21126761,0.05633802817,24.28169014,0,4.450704225,3.098591549,7.38028169,56.90140845,Y,N,N,N,0.1960408685,26.38436482
92,92,1308,54,20,76,23,93,0,266,14,280,266,1308,1385,118,1308,1511,770,187,3,368,4,113,66,1511,719,172,146,3,366,0,49,56,12.37590999,0.1985440106,24.35473197,0.2647253475,7.478491066,4.367968233,9.662475182,50.95962938,Y,N,N,N,0.202166065,33.21428571
93,93,1309,83,18,75,21,82,0,279,21,300,279,1309,1398,119,1309,1683,742,249,7,429,5,185,66,1683,692,228,170,6,428,0,103,56,14.79500891,0.4159239453,25.49019608,0.2970885324,10.9922757,3.921568627,10.1010101,44.08793821,Y,N,N,N,0.2145922747,27.33333333
94,94,1310,55,11,230,80,125,0,501,27,528,501,1310,1717,120,1310,1946,1510,122,0,218,2,46,48,1946,1466,116,95,0,218,2,10,39,6.269270298,0,11.2024666,0.1027749229,2.363823227,2.46659815,4.881808839,77.5950668,Y,N,N,N,0.3075131043,23.67424242
95,95,1506,30,14,36,17,29,0,126,18,144,126,1506,803,140,1506,1038,329,154,1,459,0,57,38,1038,313,144,75,1,459,0,11,35,14.83622351,0.09633911368,44.21965318,0,5.49132948,3.66088632,7.225433526,31.6955684,N,N,N,Y,0.1793275218,20.13888889
96,96,1601,43,12,33,14,61,1,164,13,177,164,1601,1210,144,1601,1581,388,444,5,566,0,125,53,1581,327,419,192,4,561,0,35,43,28.08349146,0.3162555345,35.8001265,0,7.906388362,3.352308665,12.14421252,24.54142948,N,N,N,Y,0.1462809917,34.46327684
97,97,1602,24,12,84,12,47,0,179,10,189,179,1602,917,145,1602,961,580,123,2,187,0,49,20,961,546,115,76,1,187,0,24,12,12.79916753,0.2081165453,19.45889698,0,5.098855359,2.081165453,7.90842872,60.35379813,Y,N,N,N,0.2061068702,24.86772487
98,98,1605,41,22,114,18,73,1,269,17,286,269,1605,1526,148,1605,1213,723,186,4,178,0,85,37,1213,688,167,126,2,178,0,24,28,15.33388293,0.3297609233,14.67436109,0,7.007419621,3.050288541,10.38746908,59.60428689,Y,N,N,N,0.1874180865,25.52447552
99,99,1607,45,22,196,24,42,2,331,14,345,331,1607,1275,150,1607,1361,1032,184,3,93,2,36,11,1361,1006,170,61,2,91,2,19,10,13.51947098,0.2204261572,6.833210874,0.1469507715,2.645113887,0.8082292432,4.48199853,75.82659809,Y,N,N,N,0.2705882353,12.17391304
100,100,1608,45,13,203,46,115,3,425,25,450,425,1608,1424,151,1608,1548,922,358,7,162,0,42,57,1548,901,331,93,7,161,0,10,45,23.12661499,0.4521963824,10.46511628,0,2.713178295,3.682170543,6.007751938,59.56072351,Y,N,N,N,0.316011236,25.55555556
101,101,1609,25,8,297,30,51,0,411,28,439,411,1609,1568,152,1609,1655,1514,55,3,51,0,15,17,1655,1490,54,45,0,51,0,2,13,3.32326284,0.1812688822,3.081570997,0,0.9063444109,1.027190332,2.719033233,91.48036254,Y,N,N,N,0.2799744898,11.61731207
102,102,1610,23,15,156,22,46,0,262,17,279,262,1610,1384,153,1610,1559,1191,184,1,116,2,32,33,1559,1158,174,70,1,116,1,10,29,11.80243746,0.06414368185,7.440667094,0.1282873637,2.052597819,2.116741501,4.490057729,76.39512508,Y,N,N,N,0.2015895954,16.4874552
103,103,1611,37,29,223,60,82,0,431,32,463,431,1611,1486,154,1611,1575,1084,283,5,140,0,33,30,1575,1049,272,78,5,135,0,14,22,17.96825397,0.3174603175,8.888888889,0,2.095238095,1.904761905,4.952380952,68.82539683,Y,N,N,N,0.3115746972,17.71058315
104,104,1612,13,9,360,52,20,2,456,32,488,456,1612,1206,155,1612,1289,1208,46,4,16,0,9,6,1289,1197,45,15,4,16,0,6,6,3.568657874,0.310318076,1.241272304,0,0.6982156711,0.465477114,1.163692785,93.71605896,Y,N,N,N,0.4046434494,4.098360656
105,105,1713,59,39,102,41,152,1,394,32,426,394,1713,1290,168,1713,1535,840,458,2,121,0,52,62,1535,812,440,96,2,120,0,14,51,29.83713355,0.1302931596,7.882736156,0,3.38762215,4.039087948,6.254071661,54.72312704,Y,N,N,N,0.3302325581,35.68075117
106,106,1807,78,49,43,21,122,0,313,32,345,313,1807,1546,176,1807,1688,621,653,18,62,0,277,57,1688,410,584,587,8,59,0,17,23,38.68483412,1.066350711,3.672985782,0,16.40995261,3.376777251,34.77488152,36.78909953,N,Y,N,N,0.223156533,35.36231884
107,107,1809,66,30,98,57,177,1,429,31,460,429,1809,1542,178,1809,1606,960,372,7,41,1,160,65,1606,847,345,318,6,40,1,18,31,23.16313823,0.4358655044,2.552926526,0.06226650062,9.9626401,4.04732254,19.8007472,59.7758406,Y,N,N,N,0.2983138781,38.47826087
108,108,1810,52,48,123,115,335,1,674,36,710,674,1810,2188,179,1810,2337,1576,371,13,89,0,212,76,2337,1364,351,470,5,87,0,25,35,15.87505349,0.5562687206,3.808301241,0,9.071459136,3.25203252,20.11125374,67.4368849,Y,N,N,N,0.3244972578,47.18309859
109,109,1812,67,53,101,50,95,1,367,59,426,367,1812,1576,181,1812,1777,951,600,11,40,1,114,60,1777,803,561,342,8,38,1,3,21,33.76477209,0.6190208216,2.250984806,0.05627462015,6.415306697,3.376477209,19.24592009,53.51716376,Y,N,N,N,0.2703045685,22.30046948
110,110,1816,52,63,274,56,137,1,583,46,629,583,1816,1681,185,1816,1733,1194,380,8,39,5,73,34,1733,1118,355,191,2,38,0,7,22,21.92729371,0.461627236,2.250432776,0.2885170225,4.212348529,1.961915753,11.02135026,68.89786497,Y,N,N,N,0.3741820345,21.78060413
111,111,1820,58,56,315,44,119,0,592,55,647,592,1820,2135,189,1820,2279,1486,518,5,42,1,169,58,2279,1417,490,254,4,42,1,38,33,22.72926722,0.2193944713,1.842913559,0.04387889425,7.415533129,2.544975867,11.14523914,65.20403686,Y,N,N,N,0.3030444965,18.39258114
112,112,1822,70,38,166,68,151,1,494,42,536,494,1822,1735,191,1822,1753,1115,385,4,32,2,162,53,1753,945,355,387,1,28,2,10,25,21.96235026,0.2281802624,1.825442099,0.1140901312,9.241300627,3.023388477,22.07644039,63.60524815,Y,N,N,N,0.3089337176,28.17164179
113,113,1901,31,28,33,63,430,0,585,35,620,585,1901,1463,193,1901,1990,1588,118,17,69,0,112,86,1990,1438,104,327,4,67,0,10,40,5.929648241,0.8542713568,3.467336683,0,5.628140704,4.32160804,16.4321608,79.79899497,Y,N,N,N,0.4237867396,69.35483871
114,114,1902,16,15,173,218,254,1,677,29,706,677,1902,1555,194,1902,1878,1545,87,7,177,0,15,47,1878,1497,83,82,6,175,0,0,35,4.632587859,0.3727369542,9.424920128,0,0.7987220447,2.502662407,4.366347178,82.26837061,Y,N,N,N,0.4540192926,35.97733711
115,115,1903,26,19,61,55,292,1,454,34,488,454,1903,1150,195,1903,1308,1121,61,4,65,3,19,35,1308,1080,59,66,0,64,3,6,30,4.663608563,0.3058103976,4.96941896,0.2293577982,1.452599388,2.675840979,5.04587156,85.70336391,Y,N,N,N,0.4243478261,59.83606557
116,116,1904,53,26,49,59,465,0,652,76,728,652,1904,1654,196,1904,1234,1038,61,3,41,0,48,43,1234,980,57,114,2,41,0,5,35,4.943273906,0.2431118314,3.322528363,0,3.889789303,3.484602917,9.238249595,84.11669368,Y,N,N,N,0.4401451028,63.87362637
117,117,1905,40,33,63,69,357,1,563,46,609,563,1905,1398,197,1905,1582,1239,158,8,70,0,71,36,1582,1125,143,209,5,70,0,8,22,9.987357775,0.5056890013,4.424778761,0,4.487989886,2.275600506,13.21112516,78.31858407,Y,N,N,N,0.4356223176,58.62068966
118,118,1906,67,28,70,82,520,1,768,40,808,768,1906,1785,198,1906,1665,1390,123,8,69,0,33,42,1665,1319,110,125,6,69,0,6,30,7.387387387,0.4804804805,4.144144144,0,1.981981982,2.522522523,7.507507508,83.48348348,Y,N,N,N,0.4526610644,64.35643564
119,119,1907,83,22,63,89,387,0,644,31,675,644,1907,1878,199,1907,1717,1105,211,8,136,0,184,73,1717,941,198,388,2,136,0,11,41,12.28887595,0.4659289458,7.920792079,0,10.71636575,4.251601631,22.59755387,64.35643564,Y,N,N,N,0.3594249201,57.33333333
120,120,1908,28,11,32,32,275,0,378,18,396,378,1908,874,200,1908,843,754,27,1,28,0,12,21,843,728,27,38,1,28,0,4,17,3.202846975,0.118623962,3.321470937,0,1.423487544,2.491103203,4.507710558,89.44246738,Y,N,N,N,0.4530892449,69.44444444
121,121,1909,27,9,32,47,200,0,315,22,337,315,1909,854,201,1909,844,707,40,1,66,0,11,19,844,661,39,60,0,66,0,3,15,4.739336493,0.1184834123,7.819905213,0,1.303317536,2.251184834,7.109004739,83.76777251,Y,N,N,N,0.3946135831,59.34718101
122,122,1910,57,39,102,72,281,1,552,28,580,552,1910,1770,202,1910,1817,1097,474,6,36,3,142,59,1817,928,425,394,4,35,3,6,22,26.08695652,0.3302146395,1.981287837,0.1651073198,7.815079802,3.247110622,21.68409466,60.37424326,Y,N,N,N,0.3276836158,48.44827586
123,123,1911,98,33,28,22,150,0,331,40,371,331,1911,1726,203,1911,1386,469,390,7,73,0,364,83,1386,232,342,694,2,73,0,7,36,28.13852814,0.5050505051,5.266955267,0,26.26262626,5.988455988,50.07215007,33.83838384,N,N,Y,N,0.2149478563,40.43126685
124,124,1912,44,20,92,56,221,0,433,19,452,433,1912,1226,204,1912,1133,750,237,7,19,1,74,45,1133,656,220,212,5,18,1,1,20,20.91791703,0.6178287732,1.676963813,0.08826125331,6.531332745,3.971756399,18.7113857,66.19593998,Y,N,N,N,0.3686786297,48.89380531
125,125,1913,36,24,63,30,120,0,273,22,295,273,1913,1148,205,1913,1850,792,581,10,42,5,321,99,1850,516,516,732,2,42,4,9,29,31.40540541,0.5405405405,2.27027027,0.2702702703,17.35135135,5.351351351,39.56756757,42.81081081,Y,N,N,N,0.2569686411,40.6779661
126,126,2001,35,16,118,78,227,1,475,29,504,475,2001,1525,206,2001,1872,1672,79,4,55,0,44,18,1872,1603,71,115,1,54,0,13,15,4.22008547,0.2136752137,2.938034188,0,2.35042735,0.9615384615,6.143162393,89.31623932,Y,N,N,N,0.3304918033,45.03968254
127,127,2002,44,28,95,106,268,3,544,20,564,544,2002,1693,207,2002,1786,1285,248,9,67,0,120,57,1786,1129,218,333,3,66,0,7,30,13.88577828,0.5039193729,3.751399776,0,6.718924972,3.191489362,18.6450168,71.94848824,Y,N,N,N,0.3331364442,47.5177305
128,128,2003,45,41,131,25,99,2,343,50,393,343,2003,1748,208,2003,1967,1118,543,4,121,0,133,48,1967,1001,508,298,4,121,0,7,28,27.60549059,0.2033553635,6.151499746,0,6.761565836,2.440264362,15.14997458,56.8378241,Y,N,N,N,0.2248283753,25.19083969
129,129,2004,36,12,88,96,338,0,570,27,597,570,2004,1251,209,2004,1132,972,74,0,21,0,42,23,1132,941,69,85,0,21,0,3,13,6.537102473,0,1.855123675,0,3.71024735,2.03180212,7.508833922,85.86572438,Y,N,N,N,0.4772182254,56.61641541
130,130,2005,39,17,206,44,107,0,413,22,435,413,2005,1600,210,2005,2961,2444,180,6,183,1,106,41,2961,2324,161,245,4,183,1,10,33,6.079027356,0.2026342452,6.180344478,0.0337723742,3.579871665,1.384667342,8.274231678,82.53968254,Y,N,N,N,0.271875,24.59770115
131,131,2006,35,12,236,81,177,1,542,16,558,542,2006,1689,211,2006,1978,1797,67,8,64,1,17,24,1978,1735,67,82,7,63,1,3,20,3.387259858,0.4044489383,3.235591507,0.05055611729,0.8594539939,1.213346815,4.145601618,90.84934277,Y,N,N,N,0.3303730018,31.72043011
132,132,2007,8,5,152,70,130,0,365,10,375,365,2007,1047,212,2007,1072,977,41,4,28,0,13,9,1072,933,37,62,4,28,0,2,6,3.824626866,0.3731343284,2.611940299,0,1.212686567,0.8395522388,5.78358209,91.1380597,Y,N,N,N,0.3581661891,34.66666667
133,133,2008,24,14,78,57,195,1,369,18,387,369,2008,1245,213,2008,1391,1117,113,8,45,0,70,38,1391,1056,102,162,1,45,0,2,23,8.123652049,0.5751258088,3.235082674,0,5.032350827,2.731847592,11.64629763,80.30194105,Y,N,N,N,0.3108433735,50.3875969
134,134,2009,35,17,89,65,166,1,373,35,408,373,2009,1360,214,2009,1481,1136,188,1,14,0,109,33,1481,1027,176,243,0,14,0,7,14,12.69412559,0.06752194463,0.9453072248,0,7.359891965,2.228224173,16.40783255,76.7049291,Y,N,N,N,0.3,40.68627451
135,135,2010,33,12,245,42,158,1,491,21,512,491,2010,1963,215,2010,1488,1248,71,0,95,1,53,20,1488,1191,60,122,0,94,1,8,12,4.771505376,0,6.384408602,0.06720430108,3.561827957,1.344086022,8.198924731,83.87096774,Y,N,N,N,0.2608252674,30.859375
136,136,2011,7,6,115,23,122,0,273,13,286,273,2011,820,216,2011,816,732,22,0,40,1,7,14,816,708,18,35,0,40,1,1,13,2.696078431,0,4.901960784,0.1225490196,0.8578431373,1.715686275,4.289215686,89.70588235,Y,N,N,N,0.3487804878,42.65734266
137,137,2012,16,7,166,45,92,0,326,9,335,326,2012,1078,217,2012,1044,989,15,0,30,0,5,5,1044,974,14,23,0,30,0,0,3,1.436781609,0,2.873563218,0,0.4789272031,0.4789272031,2.203065134,94.73180077,Y,N,N,N,0.3107606679,27.46268657
138,138,2013,20,4,133,22,116,1,296,10,306,296,2013,1005,218,2013,952,858,19,0,56,1,12,6,952,842,19,29,0,56,1,3,2,1.995798319,0,5.882352941,0.1050420168,1.260504202,0.6302521008,3.046218487,90.12605042,Y,N,N,N,0.3044776119,37.90849673
139,139,2014,10,3,163,37,89,0,302,3,305,302,2014,966,219,2014,915,845,18,1,36,0,6,9,915,828,13,28,1,36,0,1,8,1.967213115,0.1092896175,3.93442623,0,0.6557377049,0.9836065574,3.06010929,92.34972678,Y,N,N,N,0.3157349896,29.18032787
140,140,2015,36,23,161,25,82,0,327,31,358,327,2015,1896,220,2015,2041,1593,160,7,186,0,69,26,2041,1525,140,154,4,185,0,8,25,7.839294463,0.3429691328,9.113179814,0,3.380695737,1.27388535,7.545320921,78.0499755,Y,N,N,N,0.1888185654,22.90502793
141,141,2016,37,20,237,64,97,0,455,23,478,455,2016,1927,221,2016,2031,1704,87,2,164,2,45,27,2031,1640,79,126,0,164,1,8,13,4.283604136,0.0984736583,8.07483998,0.0984736583,2.215657312,1.329394387,6.203840473,83.89955687,Y,N,N,N,0.2480539699,20.29288703
142,142,2017,33,15,290,40,154,2,534,14,548,534,2017,2024,222,2017,1926,1763,55,1,84,0,6,17,1926,1708,52,70,0,84,0,0,12,2.855659398,0.05192107996,4.361370717,0,0.3115264798,0.8826583593,3.634475597,91.53686397,Y,N,N,N,0.2707509881,28.10218978
143,143,2018,14,17,125,24,108,0,288,6,294,288,2018,1029,223,2018,1041,908,48,7,59,0,8,11,1041,880,45,45,2,59,0,5,5,4.610951009,0.6724303554,5.667627281,0,0.7684918348,1.056676273,4.322766571,87.22382325,Y,N,N,N,0.2857142857,36.73469388
144,144,2019,14,5,160,44,87,0,310,14,324,310,2019,1005,224,2019,1038,961,11,0,56,0,4,6,1038,927,10,41,0,56,0,2,2,1.05973025,0,5.394990366,0,0.3853564547,0.5780346821,3.949903661,92.58188825,Y,N,N,N,0.3223880597,26.85185185
145,145,2020,33,10,170,53,145,0,411,21,432,411,2020,1865,225,2020,2367,1882,102,1,283,0,50,49,2367,1796,97,135,1,283,0,15,40,4.309252218,0.04224757076,11.95606253,0,2.112378538,2.070130967,5.703422053,79.50992818,Y,N,N,N,0.2316353887,33.56481481
146,146,2101,49,16,42,18,122,0,247,44,291,247,2101,2005,226,2101,3936,2804,140,8,776,5,78,125,3936,2608,132,298,7,773,3,14,101,3.556910569,0.2032520325,19.71544715,0.1270325203,1.981707317,3.175813008,7.571138211,71.2398374,Y,N,N,N,0.1451371571,41.92439863
147,147,2102,8,4,4,6,23,0,45,7,52,45,2102,1154,227,2102,6796,4675,223,3,1512,0,115,268,6796,4319,204,525,2,1500,0,20,226,3.281341966,0.04414361389,22.2483814,0,1.692171866,3.943496174,7.725132431,68.79046498,Y,N,N,N,0.04506065858,44.23076923
148,148,2103,36,13,8,19,76,0,152,18,170,152,2103,1481,228,2103,3700,2379,137,6,956,1,101,120,3700,2212,127,256,5,946,1,46,107,3.702702703,0.1621621622,25.83783784,0.02702702703,2.72972973,3.243243243,6.918918919,64.2972973,Y,N,N,N,0.1147873059,44.70588235
149,149,2104,29,11,13,28,72,0,153,9,162,153,2104,1184,229,2104,2966,1914,77,2,596,1,240,136,2966,1775,76,326,1,594,1,101,92,2.596089009,0.06743088334,20.09440324,0.03371544167,8.091706001,4.585300067,10.99123399,64.53135536,Y,N,N,N,0.1368243243,44.44444444
150,150,2105,43,29,11,44,134,0,261,19,280,261,2105,1784,230,2105,2668,1915,106,2,511,3,64,67,2668,1792,98,184,0,507,2,29,56,3.973013493,0.07496251874,19.15292354,0.1124437781,2.3988006,2.511244378,6.896551724,71.77661169,Y,N,N,N,0.1569506726,47.85714286
151,151,2106,41,17,48,42,111,0,259,18,277,259,2106,1154,231,2106,2860,2162,94,5,405,3,108,83,2860,2024,89,216,2,404,3,51,71,3.286713287,0.1748251748,14.16083916,0.1048951049,3.776223776,2.902097902,7.552447552,75.59440559,Y,N,N,N,0.240034662,40.07220217
152,152,2107,34,29,20,33,107,0,223,21,244,223,2107,1619,232,2107,1555,1017,152,5,207,3,107,64,1555,858,131,290,2,206,3,16,49,9.774919614,0.3215434084,13.31189711,0.192926045,6.881028939,4.115755627,18.64951768,65.40192926,Y,N,N,N,0.150710315,43.85245902
153,153,2108,60,18,17,26,177,1,299,26,325,299,2108,1949,233,2108,2811,2080,124,6,433,1,104,63,2811,1981,118,196,2,432,1,31,50,4.411241551,0.2134471718,15.4037709,0.03557452864,3.699750978,2.241195304,6.972607613,73.99501957,Y,N,N,N,0.1667521806,54.46153846
154,154,2109,46,17,27,26,125,1,242,29,271,242,2109,1923,234,2109,2881,1824,255,11,555,1,140,95,2881,1691,230,304,4,553,1,24,74,8.85109337,0.3818118709,19.26414439,0.03471017008,4.859423811,3.297466158,10.5518917,63.31135023,Y,N,N,N,0.140925637,46.12546125
155,155,2110,53,35,30,23,111,2,254,35,289,254,2110,1585,235,2110,2112,1504,152,2,313,1,74,66,2112,1399,134,214,1,311,1,7,45,7.196969697,0.0946969697,14.82007576,0.04734848485,3.503787879,3.125,10.13257576,71.21212121,Y,N,N,N,0.1823343849,38.4083045
156,156,2111,50,16,27,53,144,1,291,32,323,291,2111,1846,236,2111,2664,1982,82,4,465,0,67,64,2664,1890,76,161,2,465,0,18,52,3.078078078,0.1501501502,17.45495495,0,2.515015015,2.402402402,6.043543544,74.3993994,Y,N,N,N,0.1749729144,44.58204334
157,157,2112,49,18,31,60,115,1,274,57,331,274,2112,1748,237,2112,2414,2051,85,2,198,2,36,40,2414,1972,76,126,1,196,2,8,33,3.521126761,0.08285004143,8.202154101,0.08285004143,1.491300746,1.657000829,5.21955261,84.96271748,Y,N,N,N,0.1893592677,34.74320242
158,158,2113,74,26,120,36,136,1,393,69,462,393,2113,2153,238,2113,2772,2133,52,1,502,1,39,44,2772,2088,48,76,0,502,1,17,40,1.875901876,0.03607503608,18.10966811,0.03607503608,1.406926407,1.587301587,2.741702742,76.94805195,Y,N,N,N,0.214584301,29.43722944
159,159,2114,29,15,21,19,105,0,189,13,202,189,2114,1125,239,2114,1528,1253,44,2,175,0,20,34,1528,1197,42,83,2,175,0,2,27,2.879581152,0.1308900524,11.45287958,0,1.308900524,2.22513089,5.431937173,82.0026178,Y,N,N,N,0.1795555556,51.98019802
160,160,2115,33,13,26,27,115,0,214,35,249,214,2115,1336,240,2115,1905,1545,54,6,236,2,32,30,1905,1488,53,87,4,235,2,11,25,2.834645669,0.3149606299,12.38845144,0.1049868766,1.679790026,1.57480315,4.566929134,81.1023622,Y,N,N,N,0.1863772455,46.18473896
161,161,2116,53,23,46,38,137,0,297,35,332,297,2116,1644,241,2116,5369,4299,265,4,567,0,88,146,5369,4024,248,393,4,564,0,11,125,4.935742224,0.07450176942,10.56062581,0,1.639038927,2.719314584,7.319798845,80.07077668,Y,N,N,N,0.201946472,41.26506024
162,162,2201,59,17,44,62,160,1,343,43,386,343,2201,2098,242,2201,5112,3220,357,17,1026,1,278,213,5112,2804,315,712,8,1022,1,68,182,6.983568075,0.3325508607,20.07042254,0.01956181534,5.438184664,4.166666667,13.92801252,62.98904538,Y,N,N,N,0.1839847474,41.4507772
163,163,2202,68,28,44,55,202,0,397,47,444,397,2202,2618,243,2202,2937,1933,163,8,404,2,315,112,2937,1738,146,480,3,401,2,98,69,5.549880831,0.2723867892,13.75553286,0.06809669731,10.72522983,3.813415049,16.34320735,65.81545795,Y,N,N,N,0.1695951108,45.4954955
164,164,2203,75,18,53,42,154,0,342,56,398,342,2203,1981,244,2203,2369,1875,78,3,306,0,73,34,2369,1787,70,157,3,305,0,21,26,3.292528493,0.1266357113,12.91684255,0,3.081468974,1.435204728,6.62726889,79.14731954,Y,N,N,N,0.200908632,38.69346734
165,165,2204,49,13,58,44,141,0,305,42,347,305,2204,1326,245,2204,1406,1133,57,0,154,0,42,20,1406,1085,55,87,0,151,0,10,18,4.054054054,0,10.95305832,0,2.987197724,1.422475107,6.187766714,80.58321479,Y,N,N,N,0.2616892911,40.63400576
166,166,2205,30,11,19,21,74,0,155,22,177,155,2205,1214,246,2205,1642,1010,116,3,185,0,251,77,1642,894,99,270,1,184,0,136,58,7.06455542,0.1827040195,11.26674787,0,15.2862363,4.689403167,16.44336175,61.51035323,Y,N,N,N,0.1457990115,41.8079096
167,167,2206,35,15,25,29,84,2,190,24,214,190,2206,1199,247,2206,1585,1157,41,1,221,0,117,48,1585,1066,32,169,1,221,0,58,38,2.586750789,0.06309148265,13.94321767,0,7.38170347,3.028391167,10.66246057,72.99684543,Y,N,N,N,0.1784820684,39.25233645
168,168,2207,62,15,54,56,143,0,330,58,388,330,2207,1690,248,2207,2079,1628,118,4,160,1,121,47,2079,1552,109,164,3,159,1,52,39,5.675805676,0.1924001924,7.696007696,0.0481000481,5.82010582,2.260702261,7.888407888,78.30687831,Y,N,N,N,0.2295857988,36.8556701
169,169,2208,44,10,45,28,71,0,198,34,232,198,2208,1312,249,2208,2065,1583,61,1,357,0,26,37,2065,1505,58,108,1,354,0,8,31,2.953995157,0.04842615012,17.28813559,0,1.259079903,1.791767554,5.230024213,76.65859564,Y,N,N,N,0.1768292683,30.60344828
170,170,2209,54,12,38,48,122,2,276,40,316,276,2209,1417,250,2209,2018,1564,40,0,319,2,33,60,2018,1498,37,99,0,319,2,11,52,1.982160555,0,15.80773043,0.09910802775,1.635282458,2.973240833,4.905847374,77.5024777,Y,N,N,N,0.2230063514,38.60759494
171,171,2210,69,19,68,40,140,0,336,46,382,336,2210,1596,251,2210,2442,1984,90,1,250,0,73,44,2442,1842,81,207,1,248,0,34,29,3.685503686,0.04095004095,10.23751024,0,2.989352989,1.801801802,8.476658477,81.24488124,Y,N,N,N,0.2393483709,36.64921466
172,172,2211,54,9,60,20,66,0,209,28,237,209,2211,1085,252,2211,1315,1019,66,5,155,0,29,41,1315,949,64,109,1,152,0,12,28,5.019011407,0.3802281369,11.78707224,0,2.205323194,3.117870722,8.288973384,77.4904943,Y,N,N,N,0.2184331797,27.84810127
173,173,2212,41,16,71,25,71,1,225,27,252,225,2212,1282,253,2212,1646,1007,164,8,242,1,158,66,1646,903,138,299,5,242,0,29,30,9.963547995,0.4860267315,14.70230863,0.06075334143,9.599027947,4.009720535,18.16524909,61.17861482,Y,N,N,N,0.1965678627,28.17460317
174,174,0115,0,0,0,0,0,0,0,0,0,0,115,14,15,115,530,208,217,2,7,1,78,17,530,165,204,130,2,7,1,13,8,40.94339623,0.3773584906,1.320754717,0.1886792453,14.71698113,3.20754717,24.52830189,39.24528302,N,Y,N,N,0,
175,175,0710,197,27,17,10,40,0,291,18,309,291,710,1437,70,710,1847,325,584,6,47,2,686,197,1847,206,540,377,3,46,1,504,170,31.61884136,0.3248511099,2.544667028,0.1082837033,37.14131023,10.66594478,20.41147807,17.59610179,N,Y,N,N,0.2150313152,12.94498382
176,176,0803,58,37,13,12,79,0,199,22,221,199,803,1636,73,803,1269,266,715,10,52,0,169,57,1269,180,658,325,6,51,0,21,28,56.34357762,0.7880220646,4.097714736,0,13.31757289,4.491725768,25.6107171,20.96138692,N,Y,N,N,0.1350855746,35.74660633
177,177,0804,50,26,15,5,42,0,138,15,153,138,804,747,74,804,664,75,392,5,11,0,142,39,664,21,352,239,5,11,0,19,17,59.03614458,0.7530120482,1.656626506,0,21.38554217,5.873493976,35.9939759,11.29518072,N,Y,N,N,0.2048192771,27.45098039
178,178,0805,211,65,6,5,59,0,346,15,361,346,805,1371,75,805,1638,124,659,8,40,4,613,190,1638,59,610,290,4,38,3,477,157,40.23199023,0.4884004884,2.442002442,0.2442002442,37.42368742,11.5995116,17.7045177,7.57020757,N,Y,N,N,0.2633114515,16.3434903
179,179,0806,83,7,1,4,25,0,120,7,127,120,806,523,76,806,681,144,214,0,10,0,256,57,681,105,186,115,0,10,0,215,50,31.42437592,0,1.468428781,0,37.5917768,8.370044053,16.88693098,21.14537445,N,Y,N,N,0.2428298279,19.68503937
180,180,0807,60,19,10,5,60,0,154,17,171,154,807,1063,77,807,1084,183,635,11,10,0,156,89,1084,71,580,326,5,10,0,38,54,58.57933579,1.014760148,0.9225092251,0,14.39114391,8.210332103,30.07380074,16.88191882,N,Y,N,N,0.1608654751,35.0877193
181,181,0903,133,83,54,56,290,1,617,136,753,617,903,3244,80,903,3652,1396,1415,13,204,3,428,193,3652,1069,1228,1041,8,203,1,18,84,38.74589266,0.3559693319,5.585980285,0.08214676889,11.7196057,5.284775465,28.50492881,38.22562979,N,Y,N,N,0.2321208385,38.5126162
182,182,0905,100,45,28,16,309,6,504,49,553,504,905,2112,82,905,2282,357,1491,29,51,0,211,143,2282,226,1380,507,14,50,0,22,83,65.33742331,1.270815074,2.234881683,0,9.246275197,6.266432954,22.2173532,15.64417178,N,Y,N,N,0.2618371212,55.87703436
183,183,1101,36,21,11,16,164,0,248,19,267,248,1101,978,92,1101,912,357,429,3,31,0,58,34,912,307,392,150,3,31,0,6,23,47.03947368,0.3289473684,3.399122807,0,6.359649123,3.728070175,16.44736842,39.14473684,N,Y,N,N,0.273006135,61.42322097
184,184,1102,83,52,24,23,207,0,389,38,427,389,1102,1643,93,1102,1651,230,1090,25,21,2,196,87,1651,113,1016,442,8,21,2,11,38,66.02059358,1.514233798,1.27195639,0.1211387038,11.87159297,5.269533616,26.77165354,13.93095094,N,Y,N,N,0.2598904443,48.47775176
185,185,1103,68,33,16,9,111,2,239,25,264,239,1103,1293,94,1103,1385,196,891,9,13,1,195,80,1385,90,786,445,6,13,1,12,32,64.33212996,0.6498194946,0.9386281588,0.07220216606,14.07942238,5.776173285,32.1299639,14.15162455,N,Y,N,N,0.2041763341,42.04545455
186,186,1201,84,44,22,20,239,1,410,43,453,410,1201,1818,102,1201,1812,137,1380,11,33,0,166,85,1812,74,1328,307,10,32,0,12,49,76.1589404,0.6070640177,1.821192053,0,9.161147903,4.690949227,16.94260486,7.560706402,N,Y,N,N,0.2491749175,52.7593819
187,187,1202,147,46,41,5,214,3,456,47,503,456,1202,2249,103,1202,2361,171,1767,17,17,1,288,100,2361,39,1664,529,9,17,1,45,57,74.841169,0.7200338839,0.7200338839,0.04235493435,12.19822109,4.235493435,22.40576027,7.242693774,N,Y,N,N,0.2236549578,42.54473161
188,188,1203,55,22,13,5,101,0,196,15,211,196,1203,979,104,1203,794,55,604,4,24,1,75,31,794,20,564,151,1,24,1,11,22,76.07052897,0.5037783375,3.022670025,0.1259445844,9.445843829,3.904282116,19.01763224,6.926952141,N,Y,N,N,0.215526047,47.86729858
189,189,1204,50,31,15,8,128,2,234,21,255,234,1204,1206,105,1204,1235,100,884,6,3,2,178,62,1235,47,826,274,5,3,2,30,48,71.57894737,0.4858299595,0.2429149798,0.1619433198,14.41295547,5.020242915,22.18623482,8.097165992,N,Y,N,N,0.2114427861,50.19607843
190,190,1205,73,23,12,4,73,0,185,29,214,185,1205,710,106,1205,860,48,684,10,2,0,86,30,860,15,655,151,6,1,0,12,20,79.53488372,1.162790698,0.2325581395,0,10,3.488372093,17.55813953,5.581395349,N,Y,N,N,0.3014084507,34.11214953
191,191,1206,96,33,9,9,88,0,235,33,268,235,1206,958,107,1206,858,41,693,6,9,0,65,44,858,21,659,134,5,9,0,10,20,80.76923077,0.6993006993,1.048951049,0,7.575757576,5.128205128,15.61771562,4.778554779,N,Y,N,N,0.2797494781,32.8358209
192,192,1207,106,82,37,14,187,1,427,107,534,427,1207,2661,108,1207,3079,386,2016,22,19,0,507,129,3079,186,1876,914,15,18,0,12,58,65.47580383,0.7145177006,0.6170834687,0,16.46638519,4.189671971,29.68496265,12.53653784,N,Y,N,N,0.2006764374,35.01872659
193,193,1208,45,16,13,5,69,1,149,17,166,149,1208,883,109,1208,950,82,668,8,3,0,146,43,950,33,630,244,8,3,0,10,22,70.31578947,0.8421052632,0.3157894737,0,15.36842105,4.526315789,25.68421053,8.631578947,N,Y,N,N,0.18799547,41.56626506
194,194,1209,62,17,10,3,123,0,215,16,231,215,1209,1055,110,1209,1116,95,802,7,15,1,134,62,1116,23,764,268,4,15,1,9,32,71.86379928,0.6272401434,1.344086022,0.08960573477,12.00716846,5.555555556,24.01433692,8.512544803,N,Y,N,N,0.218957346,53.24675325
195,195,1301,147,43,38,6,77,2,313,35,348,313,1301,1543,111,1301,1573,134,955,11,12,0,345,116,1573,41,851,458,8,11,0,130,74,60.71201526,0.6993006993,0.7628734901,0,21.93261284,7.374443738,29.11633821,8.518753973,N,Y,N,N,0.2255346727,22.12643678
196,196,1302,35,15,12,3,22,0,87,8,95,87,1302,618,112,1302,673,82,389,19,10,1,114,58,673,14,351,232,2,8,0,28,38,57.80089153,2.823179792,1.485884101,0.1485884101,16.93907875,8.618127786,34.47251114,12.18424963,N,Y,N,N,0.1537216828,23.15789474
197,197,1304,88,23,13,3,76,2,205,14,219,205,1304,1121,114,1304,1261,188,717,8,10,0,238,100,1261,82,668,370,5,10,0,62,64,56.85963521,0.6344171293,0.7930214116,0,18.8739096,7.930214116,29.34179223,14.90880254,N,Y,N,N,0.1953612846,34.70319635
198,198,1305,154,21,39,4,60,0,278,20,298,278,1305,1083,115,1305,1352,334,529,5,11,2,346,125,1352,263,483,284,1,11,2,206,102,39.12721893,0.3698224852,0.8136094675,0.1479289941,25.59171598,9.24556213,21.00591716,24.70414201,N,Y,N,N,0.2751615882,20.13422819
199,199,1401,189,40,26,14,145,1,415,29,444,415,1401,2692,121,1401,2866,279,1824,19,37,5,557,145,2866,48,1688,920,9,35,1,93,72,63.64270761,0.6629448709,1.290997906,0.1744591766,19.43475227,5.05931612,32.10048849,9.734822052,N,Y,N,N,0.1649331352,32.65765766
200,200,1402,144,78,32,11,137,1,403,52,455,403,1402,2617,122,1402,2695,142,2164,17,10,0,235,127,2695,42,2041,450,11,10,0,62,79,80.29684601,0.6307977737,0.3710575139,0,8.719851577,4.712430427,16.69758813,5.269016698,N,Y,N,N,0.1738632021,30.10989011
201,201,1403,95,38,15,8,57,2,215,20,235,215,1403,1310,123,1403,1549,75,1077,23,18,1,277,78,1549,20,987,459,17,18,1,11,36,69.52872821,1.484828922,1.162040026,0.06455777921,17.88250484,5.035506779,29.63202066,4.841833441,N,Y,N,N,0.179389313,24.25531915
202,202,1404,86,34,13,8,91,0,232,19,251,232,1404,1567,124,1404,1654,124,1230,10,15,0,203,72,1654,49,1146,353,8,15,0,39,44,74.36517533,0.6045949214,0.9068923821,0,12.2732769,4.353083434,21.34220073,7.496977025,N,Y,N,N,0.1601786854,36.25498008
203,203,1405,43,34,6,6,89,1,179,27,206,179,1405,1126,125,1405,1439,36,1278,5,11,1,70,38,1439,9,1231,155,2,11,1,2,28,88.81167477,0.3474635163,0.7644197359,0.06949270327,4.864489229,2.640722724,10.77136901,2.501737318,N,Y,N,N,0.1829484902,43.2038835
204,204,1406,62,37,21,4,69,0,193,10,203,193,1406,1113,126,1406,1174,75,947,4,6,1,89,52,1174,41,878,211,2,6,0,11,25,80.66439523,0.3407155026,0.5110732538,0.08517887564,7.580919932,4.429301533,17.97274276,6.388415673,N,Y,N,N,0.1823899371,33.99014778
205,205,1407,43,46,12,4,76,1,182,19,201,182,1407,1206,127,1407,1388,94,1085,7,10,0,126,66,1388,20,1016,286,7,7,0,11,41,78.17002882,0.5043227666,0.7204610951,0,9.077809798,4.755043228,20.60518732,6.772334294,N,Y,N,N,0.1666666667,37.81094527
206,206,1408,55,53,26,6,138,1,279,35,314,279,1408,1179,128,1408,1494,147,1206,2,12,1,84,42,1494,93,1162,190,2,11,0,5,31,80.72289157,0.1338688086,0.8032128514,0.06693440428,5.62248996,2.81124498,12.71753681,9.83935743,N,Y,N,N,0.2663273961,43.94904459
207,207,1409,48,41,24,11,63,0,187,22,209,187,1409,1337,129,1409,1384,102,931,12,17,0,242,80,1384,13,844,459,5,17,0,19,27,67.26878613,0.8670520231,1.228323699,0,17.48554913,5.780346821,33.16473988,7.369942197,N,Y,N,N,0.1563201197,30.14354067
208,208,1410,69,44,18,11,85,0,227,43,270,227,1410,1410,130,1410,1937,205,1254,12,17,3,350,96,1937,26,1131,661,9,16,3,36,55,64.73928756,0.6195147135,0.8776458441,0.1548786784,18.06917914,4.956117708,34.12493547,10.58337636,N,Y,N,N,0.1914893617,31.48148148
209,209,1411,57,40,23,10,98,1,229,22,251,229,1411,1240,131,1411,1307,42,1065,3,10,0,121,66,1307,20,992,224,2,10,0,20,39,81.48431523,0.2295332823,0.7651109411,0,9.257842387,5.049732211,17.13848508,3.213465953,N,Y,N,N,0.2024193548,39.0438247
210,210,1412,44,29,14,2,50,0,139,15,154,139,1412,735,132,1412,809,28,680,1,9,0,74,17,809,3,646,121,1,9,0,25,4,84.05438813,0.1236093943,1.112484549,0,9.147095179,2.101359703,14.95673671,3.461063041,N,Y,N,N,0.2095238095,32.46753247
211,211,1413,66,43,27,5,82,0,223,18,241,223,1413,1108,133,1413,1206,38,1024,6,11,0,73,54,1206,18,973,149,1,11,0,17,37,84.90878939,0.4975124378,0.912106136,0,6.053067993,4.47761194,12.35489221,3.150912106,N,Y,N,N,0.2175090253,34.02489627
212,212,1414,53,39,24,3,121,0,240,25,265,240,1414,1273,134,1414,1350,10,1203,3,5,0,86,43,1350,5,1127,179,2,5,0,3,29,89.11111111,0.2222222222,0.3703703704,0,6.37037037,3.185185185,13.25925926,0.7407407407,N,Y,N,N,0.2081696779,45.66037736
213,213,1501,182,55,13,7,57,0,314,18,332,314,1501,1630,135,1501,1938,266,969,9,44,0,507,143,1938,130,874,554,7,44,0,223,106,50,0.4643962848,2.270381837,0,26.16099071,7.37874097,28.58617131,13.7254902,N,Y,N,N,0.2036809816,17.1686747
214,214,1502,110,15,15,3,47,0,190,18,208,190,1502,1105,136,1502,1270,74,787,5,8,0,297,99,1270,34,749,206,3,8,0,176,94,61.96850394,0.3937007874,0.6299212598,0,23.38582677,7.795275591,16.22047244,5.826771654,N,Y,N,N,0.1882352941,22.59615385
215,215,1503,79,9,13,6,17,1,125,5,130,125,1503,747,137,1503,875,75,418,3,31,0,260,88,875,56,383,164,3,28,0,163,78,47.77142857,0.3428571429,3.542857143,0,29.71428571,10.05714286,18.74285714,8.571428571,N,Y,N,N,0.1740294511,13.07692308
216,216,1504,239,36,15,14,62,2,368,26,394,368,1504,2102,138,1504,2477,366,912,2,389,1,562,245,2477,262,855,397,2,389,0,366,206,36.81873234,0.08074283407,15.70448123,0.04037141704,22.68873637,9.890997174,16.02745256,14.77593864,N,Y,N,N,0.1874405328,15.73604061
217,217,1505,116,36,7,5,87,1,252,13,265,252,1505,1372,139,1505,1661,214,964,13,92,0,261,117,1661,72,878,422,7,92,0,115,75,58.03732691,0.7826610476,5.538832029,0,15.71342565,7.043949428,25.4063817,12.88380494,N,Y,N,N,0.193148688,32.83018868
218,218,1507,140,15,15,4,66,0,240,15,255,240,1507,1154,141,1507,1305,165,660,3,22,0,329,126,1305,126,608,222,1,21,0,228,99,50.57471264,0.2298850575,1.685823755,0,25.21072797,9.655172414,17.01149425,12.64367816,N,Y,N,N,0.2209705373,25.88235294
219,219,1508,68,19,11,8,51,0,157,23,180,157,1508,1030,142,1508,1319,208,562,6,302,2,169,70,1319,133,531,236,6,300,2,56,55,42.60803639,0.4548900682,22.89613343,0.1516300227,12.81273692,5.307050796,17.89234268,15.76952237,N,Y,N,N,0.1747572816,28.33333333
220,220,1509,94,12,21,9,45,2,183,19,202,183,1509,1097,143,1509,1362,266,472,5,353,1,200,65,1362,239,457,181,3,351,0,90,41,34.65491924,0.3671071953,25.91776799,0.07342143906,14.68428781,4.772393539,13.28928047,19.53010279,N,Y,N,N,0.1841385597,22.27722772
221,221,1603,51,38,48,14,153,0,304,25,329,304,1603,1505,146,1603,1745,341,736,5,475,0,109,79,1745,313,709,122,2,475,0,58,66,42.17765043,0.2865329513,27.22063037,0,6.246418338,4.52722063,6.991404011,19.54154728,N,Y,N,N,0.2186046512,46.50455927
222,222,1604,39,21,55,23,89,1,228,21,249,228,1604,1338,147,1604,2177,685,688,9,481,0,211,103,2177,624,657,210,5,477,0,120,84,31.60312356,0.4134129536,22.09462563,0,9.692237023,4.73128158,9.646302251,31.46531925,N,Y,N,N,0.1860986547,35.74297189
223,223,1606,66,28,85,16,185,0,380,33,413,380,1606,1927,149,1606,2277,580,881,4,577,1,146,88,2277,502,816,260,3,577,1,57,61,38.69126043,0.1756697409,25.34036012,0.04391743522,6.411945542,3.8647343,11.41853316,25.47211243,N,Y,N,N,0.2143227815,44.79418886
224,224,1701,99,31,14,5,87,1,237,25,262,237,1701,1260,156,1701,1313,132,961,16,4,0,132,68,1313,44,927,243,4,4,0,32,59,73.19116527,1.218583397,0.3046458492,0,10.05331302,5.178979436,18.50723534,10.05331302,N,Y,N,N,0.2079365079,33.20610687
225,225,1702,91,22,16,8,59,1,197,7,204,197,1702,861,157,1702,983,85,617,6,93,2,124,56,983,55,563,176,1,91,0,51,46,62.76703967,0.6103763988,9.460834181,0.2034587996,12.61444557,5.696846389,17.90437436,8.646998983,N,Y,N,N,0.2369337979,28.92156863
226,226,1703,105,86,40,5,196,0,432,36,468,432,1703,1870,158,1703,1996,338,1383,2,40,3,151,79,1996,267,1330,273,1,40,0,35,50,69.28857715,0.1002004008,2.004008016,0.1503006012,7.565130261,3.957915832,13.67735471,16.93386774,N,Y,N,N,0.2502673797,41.88034188
227,227,1704,121,77,79,16,178,2,473,52,525,473,1704,1888,159,1704,2105,514,1236,10,160,0,102,83,2105,492,1190,145,10,158,0,45,65,58.71733967,0.4750593824,7.600950119,0,4.845605701,3.942992874,6.888361045,24.41805226,N,Y,N,N,0.2780720339,33.9047619
228,228,1705,21,31,18,7,79,0,156,17,173,156,1705,939,160,1705,981,48,777,9,17,1,86,43,981,20,718,189,3,17,1,6,27,79.20489297,0.9174311927,1.732925586,0.1019367992,8.76656473,4.383282365,19.26605505,4.892966361,N,Y,N,N,0.1842385517,45.66473988
229,229,1706,74,46,30,13,193,1,357,27,384,357,1706,1372,161,1706,1526,386,790,10,130,1,137,72,1526,329,745,220,8,130,0,36,58,51.76933159,0.6553079948,8.519003932,0.06553079948,8.977719528,4.718217562,14.41677588,25.2948886,N,Y,N,N,0.2798833819,50.26041667
230,230,1707,29,21,18,4,79,1,152,12,164,152,1707,774,162,1707,803,44,684,4,10,0,28,33,803,40,660,59,3,10,0,12,19,85.18057285,0.498132005,1.245330012,0,3.486924035,4.109589041,7.347447073,5.479452055,N,Y,N,N,0.2118863049,48.17073171
231,231,1708,59,52,29,13,122,1,276,16,292,276,1708,1301,163,1708,1261,100,1002,9,10,0,91,49,1261,59,958,191,2,10,0,14,27,79.46074544,0.7137192704,0.7930214116,0,7.216494845,3.885804917,15.14670896,7.930214116,N,Y,N,N,0.2244427364,41.78082192
232,232,1709,38,26,33,27,205,0,329,21,350,329,1709,961,164,1709,1032,430,463,3,55,0,49,32,1032,387,444,97,3,55,0,18,28,44.86434109,0.2906976744,5.329457364,0,4.748062016,3.100775194,9.399224806,41.66666667,N,Y,N,N,0.3642039542,58.57142857
233,233,1710,74,64,42,16,122,1,319,25,344,319,1710,1749,165,1710,1842,111,1537,5,13,0,116,60,1842,68,1471,197,4,13,0,37,52,83.44191097,0.2714440825,0.7057546145,0,6.297502714,3.25732899,10.69489685,6.026058632,N,Y,N,N,0.1966838193,35.46511628
234,234,1711,34,14,15,6,81,0,150,5,155,150,1711,656,166,1711,708,103,486,1,41,0,54,23,708,86,468,66,1,41,0,31,15,68.6440678,0.1412429379,5.790960452,0,7.627118644,3.248587571,9.322033898,14.5480226,N,Y,N,N,0.2362804878,52.25806452
235,235,1712,47,32,40,10,105,0,234,34,268,234,1712,979,167,1712,1011,132,750,2,45,0,45,37,1011,120,729,76,2,42,0,16,26,74.18397626,0.1978239367,4.451038576,0,4.451038576,3.659742829,7.517309594,13.05637982,N,Y,N,N,0.2737487232,39.17910448
236,236,1714,47,52,97,21,217,1,435,33,468,435,1714,1378,169,1714,1412,429,821,0,70,3,45,44,1412,397,792,106,0,70,0,17,30,58.14447592,0,4.957507082,0.2124645892,3.186968839,3.116147309,7.507082153,30.38243626,N,Y,N,N,0.3396226415,46.36752137
237,237,1801,107,93,64,16,194,0,474,64,538,474,1801,2266,170,1801,2382,221,1849,20,28,0,174,90,2382,166,1748,358,9,28,0,22,51,77.62384551,0.8396305626,1.175482788,0,7.304785894,3.778337531,15.02938707,9.277917716,N,Y,N,N,0.2374227714,36.05947955
238,238,1802,73,71,33,8,112,0,297,46,343,297,1802,1515,171,1802,1772,46,1598,8,17,1,51,51,1772,22,1544,131,4,16,0,12,43,90.18058691,0.4514672686,0.9593679458,0.05643340858,2.878103837,2.878103837,7.392776524,2.595936795,N,Y,N,N,0.2264026403,32.65306122
239,239,1803,147,96,38,9,140,2,432,37,469,432,1803,1767,172,1803,2048,98,1776,19,18,2,68,67,2048,51,1727,178,15,17,2,7,51,86.71875,0.927734375,0.87890625,0.09765625,3.3203125,3.271484375,8.69140625,4.78515625,N,Y,N,N,0.2654216186,29.85074627
240,240,1804,89,79,37,13,147,0,365,61,426,365,1804,1806,173,1804,2024,96,1764,5,9,0,95,55,2024,70,1711,168,5,9,0,21,40,87.1541502,0.2470355731,0.4446640316,0,4.693675889,2.717391304,8.300395257,4.743083004,N,Y,N,N,0.2358803987,34.50704225
241,241,1805,115,120,31,16,166,0,448,73,521,448,1805,1781,174,1805,1923,104,1681,24,4,0,56,54,1923,82,1630,147,10,4,0,13,37,87.41549662,1.248049922,0.2080083203,0,2.912116485,2.808112324,7.644305772,5.408216329,N,Y,N,N,0.2925322852,31.86180422
242,242,1806,180,93,52,16,197,3,541,48,589,541,1806,2009,175,1806,1999,171,1672,8,13,0,69,66,1999,110,1632,184,7,13,0,6,47,83.64182091,0.4002001001,0.6503251626,0,3.451725863,3.301650825,9.204602301,8.554277139,N,Y,N,N,0.2931806869,33.44651952
243,243,1808,160,93,91,18,201,0,563,58,621,563,1808,2736,177,1808,3041,859,1642,15,58,2,356,109,3041,566,1548,791,5,57,2,16,56,53.99539625,0.4932587964,1.907267346,0.06576783953,11.70667544,3.584347254,26.01118053,28.24728708,N,Y,N,N,0.2269736842,32.36714976
244,244,1811,44,57,61,28,117,0,307,23,330,307,1811,1480,180,1811,1410,415,707,9,29,0,194,56,1410,298,664,390,4,28,0,7,19,50.14184397,0.6382978723,2.056737589,0,13.75886525,3.971631206,27.65957447,29.43262411,N,Y,N,N,0.222972973,35.45454545
245,245,1813,53,40,44,17,79,0,233,26,259,233,1813,965,182,1813,1147,381,578,3,33,0,116,36,1147,286,546,246,2,33,0,13,21,50.39232781,0.2615518745,2.877070619,0,10.11333915,3.138622493,21.44725371,33.21708806,N,Y,N,N,0.2683937824,30.5019305
246,246,1814,57,34,38,14,70,0,213,24,237,213,1814,1082,183,1814,1284,345,692,5,23,0,169,50,1284,222,647,349,2,20,0,17,27,53.894081,0.3894080997,1.791277259,0,13.16199377,3.894080997,27.18068536,26.86915888,N,Y,N,N,0.219038817,29.53586498
247,247,1815,95,60,37,25,144,1,362,48,410,362,1815,1543,184,1815,1723,301,1195,6,20,0,151,50,1723,215,1131,330,5,20,0,4,18,69.35577481,0.3482298317,1.160766106,0,8.763784098,2.901915264,19.15264074,17.46952989,N,Y,N,N,0.2657161374,35.12195122
248,248,1817,49,101,121,23,105,1,400,31,431,400,1817,1644,186,1817,1650,689,665,10,44,1,171,70,1650,576,616,374,4,44,1,7,28,40.3030303,0.6060606061,2.666666667,0.06060606061,10.36363636,4.242424242,22.66666667,41.75757576,Y,N,N,N,0.2621654501,24.36194896
249,249,1818,101,125,99,40,108,1,474,71,545,474,1818,2069,187,1818,2356,1007,985,6,17,4,253,84,2356,827,913,537,4,17,0,16,42,41.80814941,0.2546689304,0.7215619694,0.1697792869,10.7385399,3.565365025,22.79286927,42.74193548,Y,N,N,N,0.2634122765,19.81651376
250,250,1819,81,146,142,40,182,2,593,41,634,593,1819,2698,188,1819,2594,1046,1180,8,70,3,199,88,2594,864,1125,467,3,68,0,17,50,45.48959136,0.3084040093,2.698535081,0.1156515035,7.67154973,3.392444102,18.00308404,40.32382421,N,Y,N,N,0.2349888807,28.70662461
251,251,1821,169,89,41,8,147,3,457,48,505,457,1821,2071,190,1821,2119,111,1810,11,2,0,123,62,2119,61,1748,237,7,1,0,20,45,85.41764983,0.5191127891,0.09438414346,0,5.804624823,2.925908447,11.184521,5.238319962,N,Y,N,N,0.2438435538,29.10891089
252,252,1823,66,56,35,38,93,0,288,51,339,288,1823,1466,192,1823,1195,255,743,6,11,0,148,32,1195,165,696,305,0,11,0,8,10,62.17573222,0.5020920502,0.9205020921,0,12.38493724,2.677824268,25.52301255,21.33891213,N,Y,N,N,0.2312414734,27.43362832
253,253,0502A,36,24,29,24,55,2,170,28,198,170,,,,,,,,,,,,,,,,,,,,,,,,,,,,,,,,,,,27.77777778
254,254,2213,41,8,49,30,62,0,190,32,222,190,2213,973,,,,,,,,,,,,,,,,,,,,,,,,,,,,,,,,0.2281603289,27.92792793